,A,R,N,D,C,Q,E,G,H,I,L,K,M,F,P,S,T,W,Y,V
A,0.5,0.0,0.0,0.19999999999999998,0.0,0.0,0.0,0.0,0.0,0.0,0.0,0.0,0.0,0.0,0.2,0.04166666666666667,0.0,0.0,0.0,0.3333333333333333
R,0.0,0.5,0.0,0.0,0.0,0.24999999999999997,0.0,0.0,0.25,0.0,0.0,0.0,0.0,0.0,0.0,0.04166666666666667,0.0,0.0,0.0,0.0
N,0.0,0.0,0.5,0.09999999999999999,0.0,0.0,0.0,0.0,0.25,0.0,0.0,0.0,0.0,0.0,0.0,0.08333333333333334,0.0,0.0,0.0,0.0
D,0.1111111111111111,0.0,0.125,0.5,0.0,0.0,0.12499999999999999,0.09999999999999999,0.0,0.0,0.0,0.0,0.0,0.0,0.0,0.0,0.0,0.0,0.0,0.0
C,0.0,0.0,0.0,0.0,0.5,0.0,0.0,0.0,0.0,0.0,0.0,0.0,0.0,0.0,0.0,0.0,0.0,0.0,0.25,0.0
Q,0.0,0.25,0.0,0.0,0.0,0.5,0.0,0.09999999999999999,0.0,0.0,0.0,0.0,0.0,0.0,0.0,0.04166666666666667,0.0,0.0,0.0,0.0
E,0.0,0.0,0.0,0.09999999999999999,0.0,0.0,0.5,0.09999999999999999,0.0,0.0,0.0,0.0,0.0,0.0,0.0,0.0,0.125,0.5,0.0,0.0
G,0.0,0.0,0.0,0.09999999999999999,0.0,0.12499999999999999,0.12499999999999999,0.5,0.0,0.0,0.0,0.0,0.0,0.0,0.0,0.08333333333333334,0.0,0.0,0.0,0.0
H,0.0,0.125,0.125,0.0,0.0,0.0,0.0,0.0,0.5,0.0,0.0,0.0,0.0,0.0,0.0,0.0,0.0,0.0,0.0,0.0
I,0.0,0.0,0.0,0.0,0.0,0.0,0.0,0.0,0.0,0.5,0.0,0.0,0.5,0.0,0.0,0.0,0.125,0.0,0.25,0.0
L,0.0,0.0,0.0,0.0,0.0,0.0,0.0,0.0,0.0,0.0,0.5,0.0,0.0,0.0,0.1,0.08333333333333334,0.125,0.0,0.0,0.08333333333333333
K,0.0,0.0,0.0,0.0,0.0,0.0,0.0,0.0,0.0,0.0,0.0,0.5,0.0,0.0,0.0,0.04166666666666667,0.125,0.0,0.0,0.08333333333333333
M,0.0,0.0,0.0,0.0,0.0,0.0,0.0,0.0,0.0,0.16666666666666666,0.0,0.0,0.5,0.0,0.0,0.0,0.0,0.0,0.0,0.0
F,0.0,0.0,0.0,0.0,0.0,0.0,0.0,0.0,0.0,0.0,0.0,0.0,0.0,1.0,0.0,0.0,0.0,0.0,0.0,0.0
P,0.1111111111111111,0.0,0.0,0.0,0.0,0.0,0.0,0.0,0.0,0.0,0.1,0.0,0.0,0.0,0.5,0.08333333333333334,0.0,0.0,0.0,0.0
S,0.05555555555555555,0.125,0.25,0.0,0.0,0.12499999999999999,0.0,0.19999999999999998,0.0,0.0,0.2,0.16666666666666666,0.0,0.0,0.2,0.5,0.0,0.0,0.0,0.0
T,0.0,0.0,0.0,0.0,0.0,0.0,0.12499999999999999,0.0,0.0,0.16666666666666666,0.1,0.16666666666666666,0.0,0.0,0.0,0.0,0.5,0.0,0.0,0.0
W,0.0,0.0,0.0,0.0,0.0,0.0,0.12499999999999999,0.0,0.0,0.0,0.0,0.0,0.0,0.0,0.0,0.0,0.0,0.5,0.0,0.0
Y,0.0,0.0,0.0,0.0,0.5,0.0,0.0,0.0,0.0,0.16666666666666666,0.0,0.0,0.0,0.0,0.0,0.0,0.0,0.0,0.5,0.0
V,0.2222222222222222,0.0,0.0,0.0,0.0,0.0,0.0,0.0,0.0,0.0,0.1,0.16666666666666666,0.0,0.0,0.0,0.0,0.0,0.0,0.0,0.5
